,task_id,Species,Element,Oxidation_State,magmom,ce_symbol,csm,ionic_radius,Shannon_IR,Shannon_CR,full_formula,pretty_formula,e_above_hull,formation_energy_per_atom,cohesive_energy,Average Coordination,STD of Coordination,Cif File
0,mp-9761,Re6+,Re,+6,-0.0,O:6,0.8856366419108792,0.69,0.55,0.69,Re2O6,ReO3,0.10684226124999974,-2.040015150937501,6.525280196250001,6.0,0.0,Re2O6_mp-9761.cif
1,mp-9761,Re6+,Re,+6,-0.0,O:6,0.8856366419108794,0.69,0.55,0.69,Re2O6,ReO3,0.10684226124999974,-2.040015150937501,6.525280196250001,6.0,0.0,Re2O6_mp-9761.cif
2,mp-9761,O2-,O,-2,0.0,None:-1,1.0,1.26,,,Re2O6,ReO3,0.10684226124999974,-2.040015150937501,6.525280196250001,6.0,0.0,Re2O6_mp-9761.cif
3,mp-9761,O2-,O,-2,0.0,None:-1,1.0,1.26,,,Re2O6,ReO3,0.10684226124999974,-2.040015150937501,6.525280196250001,6.0,0.0,Re2O6_mp-9761.cif
4,mp-9761,O2-,O,-2,0.0,None:-1,1.0,1.26,,,Re2O6,ReO3,0.10684226124999974,-2.040015150937501,6.525280196250001,6.0,0.0,Re2O6_mp-9761.cif
5,mp-9761,O2-,O,-2,0.0,None:-1,1.0,1.26,,,Re2O6,ReO3,0.10684226124999974,-2.040015150937501,6.525280196250001,6.0,0.0,Re2O6_mp-9761.cif
6,mp-9761,O2-,O,-2,0.0,None:-1,1.0,1.26,,,Re2O6,ReO3,0.10684226124999974,-2.040015150937501,6.525280196250001,6.0,0.0,Re2O6_mp-9761.cif
7,mp-9761,O2-,O,-2,0.0,None:-1,1.0,1.26,,,Re2O6,ReO3,0.10684226124999974,-2.040015150937501,6.525280196250001,6.0,0.0,Re2O6_mp-9761.cif
8,mp-7228,Re4+,Re,+4,0.0,O:6,0.49195588149644764,0.77,0.63,0.77,Re4O8,ReO2,0.0017118530555517708,-1.9066058466666658,6.7538839975,6.0,0.0,Re4O8_mp-7228.cif
9,mp-7228,Re4+,Re,+4,-0.0,O:6,0.4919558814964488,0.77,0.63,0.77,Re4O8,ReO2,0.0017118530555517708,-1.9066058466666658,6.7538839975,6.0,0.0,Re4O8_mp-7228.cif
10,mp-7228,Re4+,Re,+4,-0.001,O:6,0.4919558814964472,0.77,0.63,0.77,Re4O8,ReO2,0.0017118530555517708,-1.9066058466666658,6.7538839975,6.0,0.0,Re4O8_mp-7228.cif
11,mp-7228,Re4+,Re,+4,0.001,O:6,0.4919558814964478,0.77,0.63,0.77,Re4O8,ReO2,0.0017118530555517708,-1.9066058466666658,6.7538839975,6.0,0.0,Re4O8_mp-7228.cif
12,mp-7228,O2-,O,-2,0.0,None:-1,1.0,1.26,,,Re4O8,ReO2,0.0017118530555517708,-1.9066058466666658,6.7538839975,6.0,0.0,Re4O8_mp-7228.cif
13,mp-7228,O2-,O,-2,-0.0,None:-1,1.0,1.26,,,Re4O8,ReO2,0.0017118530555517708,-1.9066058466666658,6.7538839975,6.0,0.0,Re4O8_mp-7228.cif
14,mp-7228,O2-,O,-2,0.0,None:-1,1.0,1.26,,,Re4O8,ReO2,0.0017118530555517708,-1.9066058466666658,6.7538839975,6.0,0.0,Re4O8_mp-7228.cif
15,mp-7228,O2-,O,-2,-0.0,None:-1,1.0,1.26,,,Re4O8,ReO2,0.0017118530555517708,-1.9066058466666658,6.7538839975,6.0,0.0,Re4O8_mp-7228.cif
16,mp-7228,O2-,O,-2,0.0,None:-1,1.0,1.26,,,Re4O8,ReO2,0.0017118530555517708,-1.9066058466666658,6.7538839975,6.0,0.0,Re4O8_mp-7228.cif
17,mp-7228,O2-,O,-2,-0.0,None:-1,1.0,1.26,,,Re4O8,ReO2,0.0017118530555517708,-1.9066058466666658,6.7538839975,6.0,0.0,Re4O8_mp-7228.cif
18,mp-7228,O2-,O,-2,0.0,None:-1,1.0,1.26,,,Re4O8,ReO2,0.0017118530555517708,-1.9066058466666658,6.7538839975,6.0,0.0,Re4O8_mp-7228.cif
19,mp-7228,O2-,O,-2,-0.0,None:-1,1.0,1.26,,,Re4O8,ReO2,0.0017118530555517708,-1.9066058466666658,6.7538839975,6.0,0.0,Re4O8_mp-7228.cif
20,mp-32795,Re6+,Re,+6,-0.0,O:6,0.21368136363119103,0.69,0.55,0.69,Re3O8,Re3O8,0.18939078196969739,-1.8924103449999992,6.476406237272727,6.0,0.0,Re3O8_mp-32795.cif
21,mp-32795,Re5+,Re,+5,0.0,O:6,0.15415907177356736,0.72,0.58,0.72,Re3O8,Re3O8,0.18939078196969739,-1.8924103449999992,6.476406237272727,6.0,0.0,Re3O8_mp-32795.cif
22,mp-32795,Re5+,Re,+5,0.0,O:6,0.15415907177356708,0.72,0.58,0.72,Re3O8,Re3O8,0.18939078196969739,-1.8924103449999992,6.476406237272727,6.0,0.0,Re3O8_mp-32795.cif
23,mp-32795,O2-,O,-2,0.0,None:-1,1.0,1.26,,,Re3O8,Re3O8,0.18939078196969739,-1.8924103449999992,6.476406237272727,6.0,0.0,Re3O8_mp-32795.cif
24,mp-32795,O2-,O,-2,0.0,None:-1,1.0,1.26,,,Re3O8,Re3O8,0.18939078196969739,-1.8924103449999992,6.476406237272727,6.0,0.0,Re3O8_mp-32795.cif
25,mp-32795,O2-,O,-2,-0.0,None:-1,1.0,1.26,,,Re3O8,Re3O8,0.18939078196969739,-1.8924103449999992,6.476406237272727,6.0,0.0,Re3O8_mp-32795.cif
26,mp-32795,O2-,O,-2,0.0,None:-1,1.0,1.26,,,Re3O8,Re3O8,0.18939078196969739,-1.8924103449999992,6.476406237272727,6.0,0.0,Re3O8_mp-32795.cif
27,mp-32795,O2-,O,-2,0.0,None:-1,1.0,1.26,,,Re3O8,Re3O8,0.18939078196969739,-1.8924103449999992,6.476406237272727,6.0,0.0,Re3O8_mp-32795.cif
28,mp-32795,O2-,O,-2,-0.0,None:-1,1.0,1.26,,,Re3O8,Re3O8,0.18939078196969739,-1.8924103449999992,6.476406237272727,6.0,0.0,Re3O8_mp-32795.cif
29,mp-32795,O2-,O,-2,0.0,None:-1,1.0,1.26,,,Re3O8,Re3O8,0.18939078196969739,-1.8924103449999992,6.476406237272727,6.0,0.0,Re3O8_mp-32795.cif
30,mp-32795,O2-,O,-2,0.0,None:-1,1.0,1.26,,,Re3O8,Re3O8,0.18939078196969739,-1.8924103449999992,6.476406237272727,6.0,0.0,Re3O8_mp-32795.cif
31,mp-547271,Re6+,Re,+6,-0.0,O:6,6.327895580704062e-06,0.69,0.55,0.69,Re2O6,ReO3,0.0029523100000012903,-2.1439051021874995,6.629170147499999,6.0,0.0,Re2O6_mp-547271.cif
32,mp-547271,Re6+,Re,+6,-0.0,O:6,6.327895580704064e-06,0.69,0.55,0.69,Re2O6,ReO3,0.0029523100000012903,-2.1439051021874995,6.629170147499999,6.0,0.0,Re2O6_mp-547271.cif
33,mp-547271,O2-,O,-2,-0.0,None:-1,1.0,1.26,,,Re2O6,ReO3,0.0029523100000012903,-2.1439051021874995,6.629170147499999,6.0,0.0,Re2O6_mp-547271.cif
34,mp-547271,O2-,O,-2,-0.0,None:-1,1.0,1.26,,,Re2O6,ReO3,0.0029523100000012903,-2.1439051021874995,6.629170147499999,6.0,0.0,Re2O6_mp-547271.cif
35,mp-547271,O2-,O,-2,-0.0,None:-1,1.0,1.26,,,Re2O6,ReO3,0.0029523100000012903,-2.1439051021874995,6.629170147499999,6.0,0.0,Re2O6_mp-547271.cif
36,mp-547271,O2-,O,-2,-0.0,None:-1,1.0,1.26,,,Re2O6,ReO3,0.0029523100000012903,-2.1439051021874995,6.629170147499999,6.0,0.0,Re2O6_mp-547271.cif
37,mp-547271,O2-,O,-2,0.0,None:-1,1.0,1.26,,,Re2O6,ReO3,0.0029523100000012903,-2.1439051021874995,6.629170147499999,6.0,0.0,Re2O6_mp-547271.cif
38,mp-547271,O2-,O,-2,0.0,None:-1,1.0,1.26,,,Re2O6,ReO3,0.0029523100000012903,-2.1439051021874995,6.629170147499999,6.0,0.0,Re2O6_mp-547271.cif
39,mp-190,Re6+,Re,+6,-0.0,O:6,0.0,0.69,0.55,0.69,Re1O3,ReO3,0.0,-2.146857412187501,6.6321224575,6.0,0.0,Re1O3_mp-190.cif
40,mp-190,O2-,O,-2,0.0,None:-1,1.0,1.26,,,Re1O3,ReO3,0.0,-2.146857412187501,6.6321224575,6.0,0.0,Re1O3_mp-190.cif
41,mp-190,O2-,O,-2,0.0,None:-1,1.0,1.26,,,Re1O3,ReO3,0.0,-2.146857412187501,6.6321224575,6.0,0.0,Re1O3_mp-190.cif
42,mp-190,O2-,O,-2,0.0,None:-1,1.0,1.26,,,Re1O3,ReO3,0.0,-2.146857412187501,6.6321224575,6.0,0.0,Re1O3_mp-190.cif
43,mp-1016092,Re7+,Re,+7,-0.0,O:6,0.5245534565206919,0.67,0.53,0.67,Re16O56,Re2O7,0.0,-2.038546245833334,6.403140255972222,5.0,1.0,Re16O56_mp-1016092.cif
44,mp-1016092,Re7+,Re,+7,0.0,T:4,0.10670769195099081,0.67,0.38,0.52,Re16O56,Re2O7,0.0,-2.038546245833334,6.403140255972222,5.0,1.0,Re16O56_mp-1016092.cif
45,mp-1016092,Re7+,Re,+7,-0.0,T:4,0.1259210774802612,0.67,0.38,0.52,Re16O56,Re2O7,0.0,-2.038546245833334,6.403140255972222,5.0,1.0,Re16O56_mp-1016092.cif
46,mp-1016092,Re7+,Re,+7,-0.0,O:6,0.5052595986693008,0.67,0.53,0.67,Re16O56,Re2O7,0.0,-2.038546245833334,6.403140255972222,5.0,1.0,Re16O56_mp-1016092.cif
47,mp-1016092,Re7+,Re,+7,-0.0,O:6,0.5052595986692985,0.67,0.53,0.67,Re16O56,Re2O7,0.0,-2.038546245833334,6.403140255972222,5.0,1.0,Re16O56_mp-1016092.cif
48,mp-1016092,Re7+,Re,+7,-0.0,T:4,0.12592107748026346,0.67,0.38,0.52,Re16O56,Re2O7,0.0,-2.038546245833334,6.403140255972222,5.0,1.0,Re16O56_mp-1016092.cif
49,mp-1016092,Re7+,Re,+7,0.0,T:4,0.10670769195098982,0.67,0.38,0.52,Re16O56,Re2O7,0.0,-2.038546245833334,6.403140255972222,5.0,1.0,Re16O56_mp-1016092.cif
50,mp-1016092,Re7+,Re,+7,-0.0,O:6,0.5245534565206927,0.67,0.53,0.67,Re16O56,Re2O7,0.0,-2.038546245833334,6.403140255972222,5.0,1.0,Re16O56_mp-1016092.cif
51,mp-1016092,Re7+,Re,+7,-0.0,O:6,0.5245534565206913,0.67,0.53,0.67,Re16O56,Re2O7,0.0,-2.038546245833334,6.403140255972222,5.0,1.0,Re16O56_mp-1016092.cif
52,mp-1016092,Re7+,Re,+7,0.0,T:4,0.10670769195099111,0.67,0.38,0.52,Re16O56,Re2O7,0.0,-2.038546245833334,6.403140255972222,5.0,1.0,Re16O56_mp-1016092.cif
53,mp-1016092,Re7+,Re,+7,-0.0,T:4,0.12592107748026277,0.67,0.38,0.52,Re16O56,Re2O7,0.0,-2.038546245833334,6.403140255972222,5.0,1.0,Re16O56_mp-1016092.cif
54,mp-1016092,Re7+,Re,+7,-0.0,O:6,0.5052595986692996,0.67,0.53,0.67,Re16O56,Re2O7,0.0,-2.038546245833334,6.403140255972222,5.0,1.0,Re16O56_mp-1016092.cif
55,mp-1016092,Re7+,Re,+7,-0.0,O:6,0.5052595986692977,0.67,0.53,0.67,Re16O56,Re2O7,0.0,-2.038546245833334,6.403140255972222,5.0,1.0,Re16O56_mp-1016092.cif
56,mp-1016092,Re7+,Re,+7,0.0,T:4,0.12592107748026504,0.67,0.38,0.52,Re16O56,Re2O7,0.0,-2.038546245833334,6.403140255972222,5.0,1.0,Re16O56_mp-1016092.cif
57,mp-1016092,Re7+,Re,+7,0.0,T:4,0.10670769195099097,0.67,0.38,0.52,Re16O56,Re2O7,0.0,-2.038546245833334,6.403140255972222,5.0,1.0,Re16O56_mp-1016092.cif
58,mp-1016092,Re7+,Re,+7,-0.0,O:6,0.5245534565206913,0.67,0.53,0.67,Re16O56,Re2O7,0.0,-2.038546245833334,6.403140255972222,5.0,1.0,Re16O56_mp-1016092.cif
59,mp-1016092,O2-,O,-2,-0.0,None:-1,1.0,1.26,,,Re16O56,Re2O7,0.0,-2.038546245833334,6.403140255972222,5.0,1.0,Re16O56_mp-1016092.cif
60,mp-1016092,O2-,O,-2,0.0,None:-1,1.0,1.26,,,Re16O56,Re2O7,0.0,-2.038546245833334,6.403140255972222,5.0,1.0,Re16O56_mp-1016092.cif
61,mp-1016092,O2-,O,-2,0.0,None:-1,1.0,1.26,,,Re16O56,Re2O7,0.0,-2.038546245833334,6.403140255972222,5.0,1.0,Re16O56_mp-1016092.cif
62,mp-1016092,O2-,O,-2,-0.0,None:-1,1.0,1.26,,,Re16O56,Re2O7,0.0,-2.038546245833334,6.403140255972222,5.0,1.0,Re16O56_mp-1016092.cif
63,mp-1016092,O2-,O,-2,-0.0,None:-1,1.0,1.26,,,Re16O56,Re2O7,0.0,-2.038546245833334,6.403140255972222,5.0,1.0,Re16O56_mp-1016092.cif
64,mp-1016092,O2-,O,-2,0.0,None:-1,1.0,1.26,,,Re16O56,Re2O7,0.0,-2.038546245833334,6.403140255972222,5.0,1.0,Re16O56_mp-1016092.cif
65,mp-1016092,O2-,O,-2,0.0,None:-1,1.0,1.26,,,Re16O56,Re2O7,0.0,-2.038546245833334,6.403140255972222,5.0,1.0,Re16O56_mp-1016092.cif
66,mp-1016092,O2-,O,-2,0.0,None:-1,1.0,1.26,,,Re16O56,Re2O7,0.0,-2.038546245833334,6.403140255972222,5.0,1.0,Re16O56_mp-1016092.cif
67,mp-1016092,O2-,O,-2,0.0,None:-1,1.0,1.26,,,Re16O56,Re2O7,0.0,-2.038546245833334,6.403140255972222,5.0,1.0,Re16O56_mp-1016092.cif
68,mp-1016092,O2-,O,-2,-0.0,None:-1,1.0,1.26,,,Re16O56,Re2O7,0.0,-2.038546245833334,6.403140255972222,5.0,1.0,Re16O56_mp-1016092.cif
69,mp-1016092,O2-,O,-2,0.0,None:-1,1.0,1.26,,,Re16O56,Re2O7,0.0,-2.038546245833334,6.403140255972222,5.0,1.0,Re16O56_mp-1016092.cif
70,mp-1016092,O2-,O,-2,0.0,None:-1,1.0,1.26,,,Re16O56,Re2O7,0.0,-2.038546245833334,6.403140255972222,5.0,1.0,Re16O56_mp-1016092.cif
71,mp-1016092,O2-,O,-2,0.0,None:-1,1.0,1.26,,,Re16O56,Re2O7,0.0,-2.038546245833334,6.403140255972222,5.0,1.0,Re16O56_mp-1016092.cif
72,mp-1016092,O2-,O,-2,0.0,None:-1,1.0,1.26,,,Re16O56,Re2O7,0.0,-2.038546245833334,6.403140255972222,5.0,1.0,Re16O56_mp-1016092.cif
73,mp-1016092,O2-,O,-2,0.0,None:-1,1.0,1.26,,,Re16O56,Re2O7,0.0,-2.038546245833334,6.403140255972222,5.0,1.0,Re16O56_mp-1016092.cif
74,mp-1016092,O2-,O,-2,-0.0,None:-1,1.0,1.26,,,Re16O56,Re2O7,0.0,-2.038546245833334,6.403140255972222,5.0,1.0,Re16O56_mp-1016092.cif
75,mp-1016092,O2-,O,-2,0.0,None:-1,1.0,1.26,,,Re16O56,Re2O7,0.0,-2.038546245833334,6.403140255972222,5.0,1.0,Re16O56_mp-1016092.cif
76,mp-1016092,O2-,O,-2,0.0,None:-1,1.0,1.26,,,Re16O56,Re2O7,0.0,-2.038546245833334,6.403140255972222,5.0,1.0,Re16O56_mp-1016092.cif
77,mp-1016092,O2-,O,-2,-0.0,None:-1,1.0,1.26,,,Re16O56,Re2O7,0.0,-2.038546245833334,6.403140255972222,5.0,1.0,Re16O56_mp-1016092.cif
78,mp-1016092,O2-,O,-2,0.0,None:-1,1.0,1.26,,,Re16O56,Re2O7,0.0,-2.038546245833334,6.403140255972222,5.0,1.0,Re16O56_mp-1016092.cif
79,mp-1016092,O2-,O,-2,0.0,None:-1,1.0,1.26,,,Re16O56,Re2O7,0.0,-2.038546245833334,6.403140255972222,5.0,1.0,Re16O56_mp-1016092.cif
80,mp-1016092,O2-,O,-2,0.0,None:-1,1.0,1.26,,,Re16O56,Re2O7,0.0,-2.038546245833334,6.403140255972222,5.0,1.0,Re16O56_mp-1016092.cif
81,mp-1016092,O2-,O,-2,0.0,None:-1,1.0,1.26,,,Re16O56,Re2O7,0.0,-2.038546245833334,6.403140255972222,5.0,1.0,Re16O56_mp-1016092.cif
82,mp-1016092,O2-,O,-2,-0.0,None:-1,1.0,1.26,,,Re16O56,Re2O7,0.0,-2.038546245833334,6.403140255972222,5.0,1.0,Re16O56_mp-1016092.cif
83,mp-1016092,O2-,O,-2,-0.0,None:-1,1.0,1.26,,,Re16O56,Re2O7,0.0,-2.038546245833334,6.403140255972222,5.0,1.0,Re16O56_mp-1016092.cif
84,mp-1016092,O2-,O,-2,0.0,None:-1,1.0,1.26,,,Re16O56,Re2O7,0.0,-2.038546245833334,6.403140255972222,5.0,1.0,Re16O56_mp-1016092.cif
85,mp-1016092,O2-,O,-2,0.0,None:-1,1.0,1.26,,,Re16O56,Re2O7,0.0,-2.038546245833334,6.403140255972222,5.0,1.0,Re16O56_mp-1016092.cif
86,mp-1016092,O2-,O,-2,-0.0,None:-1,1.0,1.26,,,Re16O56,Re2O7,0.0,-2.038546245833334,6.403140255972222,5.0,1.0,Re16O56_mp-1016092.cif
87,mp-1016092,O2-,O,-2,-0.0,None:-1,1.0,1.26,,,Re16O56,Re2O7,0.0,-2.038546245833334,6.403140255972222,5.0,1.0,Re16O56_mp-1016092.cif
88,mp-1016092,O2-,O,-2,0.0,None:-1,1.0,1.26,,,Re16O56,Re2O7,0.0,-2.038546245833334,6.403140255972222,5.0,1.0,Re16O56_mp-1016092.cif
89,mp-1016092,O2-,O,-2,0.0,None:-1,1.0,1.26,,,Re16O56,Re2O7,0.0,-2.038546245833334,6.403140255972222,5.0,1.0,Re16O56_mp-1016092.cif
90,mp-1016092,O2-,O,-2,-0.0,None:-1,1.0,1.26,,,Re16O56,Re2O7,0.0,-2.038546245833334,6.403140255972222,5.0,1.0,Re16O56_mp-1016092.cif
91,mp-1016092,O2-,O,-2,0.0,None:-1,1.0,1.26,,,Re16O56,Re2O7,0.0,-2.038546245833334,6.403140255972222,5.0,1.0,Re16O56_mp-1016092.cif
92,mp-1016092,O2-,O,-2,0.0,None:-1,1.0,1.26,,,Re16O56,Re2O7,0.0,-2.038546245833334,6.403140255972222,5.0,1.0,Re16O56_mp-1016092.cif
93,mp-1016092,O2-,O,-2,0.0,None:-1,1.0,1.26,,,Re16O56,Re2O7,0.0,-2.038546245833334,6.403140255972222,5.0,1.0,Re16O56_mp-1016092.cif
94,mp-1016092,O2-,O,-2,0.0,None:-1,1.0,1.26,,,Re16O56,Re2O7,0.0,-2.038546245833334,6.403140255972222,5.0,1.0,Re16O56_mp-1016092.cif
95,mp-1016092,O2-,O,-2,0.0,None:-1,1.0,1.26,,,Re16O56,Re2O7,0.0,-2.038546245833334,6.403140255972222,5.0,1.0,Re16O56_mp-1016092.cif
96,mp-1016092,O2-,O,-2,-0.0,None:-1,1.0,1.26,,,Re16O56,Re2O7,0.0,-2.038546245833334,6.403140255972222,5.0,1.0,Re16O56_mp-1016092.cif
97,mp-1016092,O2-,O,-2,0.0,None:-1,1.0,1.26,,,Re16O56,Re2O7,0.0,-2.038546245833334,6.403140255972222,5.0,1.0,Re16O56_mp-1016092.cif
98,mp-1016092,O2-,O,-2,0.0,None:-1,1.0,1.26,,,Re16O56,Re2O7,0.0,-2.038546245833334,6.403140255972222,5.0,1.0,Re16O56_mp-1016092.cif
99,mp-1016092,O2-,O,-2,-0.0,None:-1,1.0,1.26,,,Re16O56,Re2O7,0.0,-2.038546245833334,6.403140255972222,5.0,1.0,Re16O56_mp-1016092.cif
100,mp-1016092,O2-,O,-2,0.0,None:-1,1.0,1.26,,,Re16O56,Re2O7,0.0,-2.038546245833334,6.403140255972222,5.0,1.0,Re16O56_mp-1016092.cif
101,mp-1016092,O2-,O,-2,0.0,None:-1,1.0,1.26,,,Re16O56,Re2O7,0.0,-2.038546245833334,6.403140255972222,5.0,1.0,Re16O56_mp-1016092.cif
102,mp-1016092,O2-,O,-2,0.0,None:-1,1.0,1.26,,,Re16O56,Re2O7,0.0,-2.038546245833334,6.403140255972222,5.0,1.0,Re16O56_mp-1016092.cif
103,mp-1016092,O2-,O,-2,0.0,None:-1,1.0,1.26,,,Re16O56,Re2O7,0.0,-2.038546245833334,6.403140255972222,5.0,1.0,Re16O56_mp-1016092.cif
104,mp-1016092,O2-,O,-2,0.0,None:-1,1.0,1.26,,,Re16O56,Re2O7,0.0,-2.038546245833334,6.403140255972222,5.0,1.0,Re16O56_mp-1016092.cif
105,mp-1016092,O2-,O,-2,-0.0,None:-1,1.0,1.26,,,Re16O56,Re2O7,0.0,-2.038546245833334,6.403140255972222,5.0,1.0,Re16O56_mp-1016092.cif
106,mp-1016092,O2-,O,-2,0.0,None:-1,1.0,1.26,,,Re16O56,Re2O7,0.0,-2.038546245833334,6.403140255972222,5.0,1.0,Re16O56_mp-1016092.cif
107,mp-1016092,O2-,O,-2,0.0,None:-1,1.0,1.26,,,Re16O56,Re2O7,0.0,-2.038546245833334,6.403140255972222,5.0,1.0,Re16O56_mp-1016092.cif
108,mp-1016092,O2-,O,-2,0.0,None:-1,1.0,1.26,,,Re16O56,Re2O7,0.0,-2.038546245833334,6.403140255972222,5.0,1.0,Re16O56_mp-1016092.cif
109,mp-1016092,O2-,O,-2,0.0,None:-1,1.0,1.26,,,Re16O56,Re2O7,0.0,-2.038546245833334,6.403140255972222,5.0,1.0,Re16O56_mp-1016092.cif
110,mp-1016092,O2-,O,-2,0.0,None:-1,1.0,1.26,,,Re16O56,Re2O7,0.0,-2.038546245833334,6.403140255972222,5.0,1.0,Re16O56_mp-1016092.cif
111,mp-1016092,O2-,O,-2,-0.0,None:-1,1.0,1.26,,,Re16O56,Re2O7,0.0,-2.038546245833334,6.403140255972222,5.0,1.0,Re16O56_mp-1016092.cif
112,mp-1016092,O2-,O,-2,0.0,None:-1,1.0,1.26,,,Re16O56,Re2O7,0.0,-2.038546245833334,6.403140255972222,5.0,1.0,Re16O56_mp-1016092.cif
113,mp-1016092,O2-,O,-2,0.0,None:-1,1.0,1.26,,,Re16O56,Re2O7,0.0,-2.038546245833334,6.403140255972222,5.0,1.0,Re16O56_mp-1016092.cif
114,mp-1016092,O2-,O,-2,-0.0,None:-1,1.0,1.26,,,Re16O56,Re2O7,0.0,-2.038546245833334,6.403140255972222,5.0,1.0,Re16O56_mp-1016092.cif
115,mp-1179307,Re0+,Re,+0,-0.043,T:4,0.00707031470207771,,,,Re2O10,ReO5,0.4533064183333346,-1.0756032660416668,5.1988552058333335,2.6666666666666665,2.6246692913372702,Re2O10_mp-1179307.cif
116,mp-1179307,Re0+,Re,+0,-0.043,T:4,0.007070314702078318,,,,Re2O10,ReO5,0.4533064183333346,-1.0756032660416668,5.1988552058333335,2.6666666666666665,2.6246692913372702,Re2O10_mp-1179307.cif
117,mp-1179307,O0+,O,+0,1.817,DDPN:8,2.163840483133724,,,,Re2O10,ReO5,0.4533064183333346,-1.0756032660416668,5.1988552058333335,2.6666666666666665,2.6246692913372702,Re2O10_mp-1179307.cif
118,mp-1179307,O0+,O,+0,1.817,DDPN:8,2.163840483133727,,,,Re2O10,ReO5,0.4533064183333346,-1.0756032660416668,5.1988552058333335,2.6666666666666665,2.6246692913372702,Re2O10_mp-1179307.cif
119,mp-1179307,O0+,O,+0,0.191,S:1,0.0,,,,Re2O10,ReO5,0.4533064183333346,-1.0756032660416668,5.1988552058333335,2.6666666666666665,2.6246692913372702,Re2O10_mp-1179307.cif
120,mp-1179307,O0+,O,+0,0.175,S:1,0.0,,,,Re2O10,ReO5,0.4533064183333346,-1.0756032660416668,5.1988552058333335,2.6666666666666665,2.6246692913372702,Re2O10_mp-1179307.cif
121,mp-1179307,O0+,O,+0,0.196,S:1,0.0,,,,Re2O10,ReO5,0.4533064183333346,-1.0756032660416668,5.1988552058333335,2.6666666666666665,2.6246692913372702,Re2O10_mp-1179307.cif
122,mp-1179307,O0+,O,+0,0.187,S:1,0.0,,,,Re2O10,ReO5,0.4533064183333346,-1.0756032660416668,5.1988552058333335,2.6666666666666665,2.6246692913372702,Re2O10_mp-1179307.cif
123,mp-1179307,O0+,O,+0,0.191,S:1,0.0,,,,Re2O10,ReO5,0.4533064183333346,-1.0756032660416668,5.1988552058333335,2.6666666666666665,2.6246692913372702,Re2O10_mp-1179307.cif
124,mp-1179307,O0+,O,+0,0.175,S:1,0.0,,,,Re2O10,ReO5,0.4533064183333346,-1.0756032660416668,5.1988552058333335,2.6666666666666665,2.6246692913372702,Re2O10_mp-1179307.cif
125,mp-1179307,O0+,O,+0,0.196,S:1,0.0,,,,Re2O10,ReO5,0.4533064183333346,-1.0756032660416668,5.1988552058333335,2.6666666666666665,2.6246692913372702,Re2O10_mp-1179307.cif
126,mp-1179307,O0+,O,+0,0.187,S:1,0.0,,,,Re2O10,ReO5,0.4533064183333346,-1.0756032660416668,5.1988552058333335,2.6666666666666665,2.6246692913372702,Re2O10_mp-1179307.cif
127,mp-755021,Re6+,Re,+6,0.0,O:6,3.0253514167801135e-07,0.69,0.55,0.69,Re2O6,ReO3,0.006157433750001218,-2.1406999784374996,6.625965023749999,6.0,0.0,Re2O6_mp-755021.cif
128,mp-755021,Re6+,Re,+6,-0.001,O:6,3.025351416783882e-07,0.69,0.55,0.69,Re2O6,ReO3,0.006157433750001218,-2.1406999784374996,6.625965023749999,6.0,0.0,Re2O6_mp-755021.cif
129,mp-755021,O2-,O,-2,0.0,None:-1,1.0,1.26,,,Re2O6,ReO3,0.006157433750001218,-2.1406999784374996,6.625965023749999,6.0,0.0,Re2O6_mp-755021.cif
130,mp-755021,O2-,O,-2,-0.0,None:-1,1.0,1.26,,,Re2O6,ReO3,0.006157433750001218,-2.1406999784374996,6.625965023749999,6.0,0.0,Re2O6_mp-755021.cif
131,mp-755021,O2-,O,-2,0.0,None:-1,1.0,1.26,,,Re2O6,ReO3,0.006157433750001218,-2.1406999784374996,6.625965023749999,6.0,0.0,Re2O6_mp-755021.cif
132,mp-755021,O2-,O,-2,0.0,None:-1,1.0,1.26,,,Re2O6,ReO3,0.006157433750001218,-2.1406999784374996,6.625965023749999,6.0,0.0,Re2O6_mp-755021.cif
133,mp-755021,O2-,O,-2,0.0,None:-1,1.0,1.26,,,Re2O6,ReO3,0.006157433750001218,-2.1406999784374996,6.625965023749999,6.0,0.0,Re2O6_mp-755021.cif
134,mp-755021,O2-,O,-2,-0.0,None:-1,1.0,1.26,,,Re2O6,ReO3,0.006157433750001218,-2.1406999784374996,6.625965023749999,6.0,0.0,Re2O6_mp-755021.cif
135,mp-1173333,Re7+,Re,+7,-0.002,S:5,0.5522434837204939,0.67,,,Re3O10,Re3O10,1.0102984710576708,-1.0615742874999994,5.4866132315384615,5.333333333333333,0.4714045207910317,Re3O10_mp-1173333.cif
136,mp-1173333,Re7+,Re,+7,-0.002,S:5,0.5522434837204896,0.67,,,Re3O10,Re3O10,1.0102984710576708,-1.0615742874999994,5.4866132315384615,5.333333333333333,0.4714045207910317,Re3O10_mp-1173333.cif
137,mp-1173333,Re6+,Re,+6,0.0,T:6,10.593529146258787,0.69,0.55,0.69,Re3O10,Re3O10,1.0102984710576708,-1.0615742874999994,5.4866132315384615,5.333333333333333,0.4714045207910317,Re3O10_mp-1173333.cif
138,mp-1173333,O2-,O,-2,0.0,None:-1,1.0,1.26,,,Re3O10,Re3O10,1.0102984710576708,-1.0615742874999994,5.4866132315384615,5.333333333333333,0.4714045207910317,Re3O10_mp-1173333.cif
139,mp-1173333,O2-,O,-2,0.0,None:-1,1.0,1.26,,,Re3O10,Re3O10,1.0102984710576708,-1.0615742874999994,5.4866132315384615,5.333333333333333,0.4714045207910317,Re3O10_mp-1173333.cif
140,mp-1173333,O2-,O,-2,0.0,None:-1,1.0,1.26,,,Re3O10,Re3O10,1.0102984710576708,-1.0615742874999994,5.4866132315384615,5.333333333333333,0.4714045207910317,Re3O10_mp-1173333.cif
141,mp-1173333,O2-,O,-2,0.0,None:-1,1.0,1.26,,,Re3O10,Re3O10,1.0102984710576708,-1.0615742874999994,5.4866132315384615,5.333333333333333,0.4714045207910317,Re3O10_mp-1173333.cif
142,mp-1173333,O2-,O,-2,0.0,None:-1,1.0,1.26,,,Re3O10,Re3O10,1.0102984710576708,-1.0615742874999994,5.4866132315384615,5.333333333333333,0.4714045207910317,Re3O10_mp-1173333.cif
143,mp-1173333,O2-,O,-2,0.0,None:-1,1.0,1.26,,,Re3O10,Re3O10,1.0102984710576708,-1.0615742874999994,5.4866132315384615,5.333333333333333,0.4714045207910317,Re3O10_mp-1173333.cif
144,mp-1173333,O2-,O,-2,-0.0,None:-1,1.0,1.26,,,Re3O10,Re3O10,1.0102984710576708,-1.0615742874999994,5.4866132315384615,5.333333333333333,0.4714045207910317,Re3O10_mp-1173333.cif
145,mp-1173333,O2-,O,-2,-0.0,None:-1,1.0,1.26,,,Re3O10,Re3O10,1.0102984710576708,-1.0615742874999994,5.4866132315384615,5.333333333333333,0.4714045207910317,Re3O10_mp-1173333.cif
146,mp-1173333,O2-,O,-2,-0.0,None:-1,1.0,1.26,,,Re3O10,Re3O10,1.0102984710576708,-1.0615742874999994,5.4866132315384615,5.333333333333333,0.4714045207910317,Re3O10_mp-1173333.cif
147,mp-1173333,O2-,O,-2,-0.0,None:-1,1.0,1.26,,,Re3O10,Re3O10,1.0102984710576708,-1.0615742874999994,5.4866132315384615,5.333333333333333,0.4714045207910317,Re3O10_mp-1173333.cif
148,mvc-15954,Re7+,Re,+7,0.027,O:6,0.21002157127511198,0.67,0.53,0.67,Re4O14,Re2O7,0.6344591420833279,-1.4040871037500011,5.7686811138888885,6.0,0.0,Re4O14_mvc-15954.cif
149,mvc-15954,Re7+,Re,+7,0.037,O:6,0.21002157127511378,0.67,0.53,0.67,Re4O14,Re2O7,0.6344591420833279,-1.4040871037500011,5.7686811138888885,6.0,0.0,Re4O14_mvc-15954.cif
150,mvc-15954,Re7+,Re,+7,0.041,O:6,0.21002144270779308,0.67,0.53,0.67,Re4O14,Re2O7,0.6344591420833279,-1.4040871037500011,5.7686811138888885,6.0,0.0,Re4O14_mvc-15954.cif
151,mvc-15954,Re7+,Re,+7,0.043,O:6,0.21002144270779616,0.67,0.53,0.67,Re4O14,Re2O7,0.6344591420833279,-1.4040871037500011,5.7686811138888885,6.0,0.0,Re4O14_mvc-15954.cif
152,mvc-15954,O2-,O,-2,-0.143,None:-1,1.0,1.26,,,Re4O14,Re2O7,0.6344591420833279,-1.4040871037500011,5.7686811138888885,6.0,0.0,Re4O14_mvc-15954.cif
153,mvc-15954,O2-,O,-2,-0.123,None:-1,1.0,1.26,,,Re4O14,Re2O7,0.6344591420833279,-1.4040871037500011,5.7686811138888885,6.0,0.0,Re4O14_mvc-15954.cif
154,mvc-15954,O2-,O,-2,0.001,None:-1,1.0,1.26,,,Re4O14,Re2O7,0.6344591420833279,-1.4040871037500011,5.7686811138888885,6.0,0.0,Re4O14_mvc-15954.cif
155,mvc-15954,O2-,O,-2,0.001,None:-1,1.0,1.26,,,Re4O14,Re2O7,0.6344591420833279,-1.4040871037500011,5.7686811138888885,6.0,0.0,Re4O14_mvc-15954.cif
156,mvc-15954,O2-,O,-2,0.007,None:-1,1.0,1.26,,,Re4O14,Re2O7,0.6344591420833279,-1.4040871037500011,5.7686811138888885,6.0,0.0,Re4O14_mvc-15954.cif
157,mvc-15954,O2-,O,-2,0.004,None:-1,1.0,1.26,,,Re4O14,Re2O7,0.6344591420833279,-1.4040871037500011,5.7686811138888885,6.0,0.0,Re4O14_mvc-15954.cif
158,mvc-15954,O2-,O,-2,0.006,None:-1,1.0,1.26,,,Re4O14,Re2O7,0.6344591420833279,-1.4040871037500011,5.7686811138888885,6.0,0.0,Re4O14_mvc-15954.cif
159,mvc-15954,O2-,O,-2,0.004,None:-1,1.0,1.26,,,Re4O14,Re2O7,0.6344591420833279,-1.4040871037500011,5.7686811138888885,6.0,0.0,Re4O14_mvc-15954.cif
160,mvc-15954,O2-,O,-2,0.003,None:-1,1.0,1.26,,,Re4O14,Re2O7,0.6344591420833279,-1.4040871037500011,5.7686811138888885,6.0,0.0,Re4O14_mvc-15954.cif
161,mvc-15954,O2-,O,-2,0.003,None:-1,1.0,1.26,,,Re4O14,Re2O7,0.6344591420833279,-1.4040871037500011,5.7686811138888885,6.0,0.0,Re4O14_mvc-15954.cif
162,mvc-15954,O2-,O,-2,0.001,None:-1,1.0,1.26,,,Re4O14,Re2O7,0.6344591420833279,-1.4040871037500011,5.7686811138888885,6.0,0.0,Re4O14_mvc-15954.cif
163,mvc-15954,O2-,O,-2,0.003,None:-1,1.0,1.26,,,Re4O14,Re2O7,0.6344591420833279,-1.4040871037500011,5.7686811138888885,6.0,0.0,Re4O14_mvc-15954.cif
164,mvc-15954,O2-,O,-2,0.007,None:-1,1.0,1.26,,,Re4O14,Re2O7,0.6344591420833279,-1.4040871037500011,5.7686811138888885,6.0,0.0,Re4O14_mvc-15954.cif
165,mvc-15954,O2-,O,-2,0.004,None:-1,1.0,1.26,,,Re4O14,Re2O7,0.6344591420833279,-1.4040871037500011,5.7686811138888885,6.0,0.0,Re4O14_mvc-15954.cif
166,mvc-3381,Re7+,Re,+7,0.0,O:6,0.11087396862343377,0.67,0.53,0.67,Re4O14,Re2O7,0.12128899652777214,-1.9172572493055577,6.281851259444445,6.0,0.0,Re4O14_mvc-3381.cif
167,mvc-3381,Re7+,Re,+7,0.0,O:6,0.1108739686234327,0.67,0.53,0.67,Re4O14,Re2O7,0.12128899652777214,-1.9172572493055577,6.281851259444445,6.0,0.0,Re4O14_mvc-3381.cif
168,mvc-3381,Re7+,Re,+7,0.0,O:6,0.11087396862343323,0.67,0.53,0.67,Re4O14,Re2O7,0.12128899652777214,-1.9172572493055577,6.281851259444445,6.0,0.0,Re4O14_mvc-3381.cif
169,mvc-3381,Re7+,Re,+7,0.0,O:6,0.11087396862343361,0.67,0.53,0.67,Re4O14,Re2O7,0.12128899652777214,-1.9172572493055577,6.281851259444445,6.0,0.0,Re4O14_mvc-3381.cif
170,mvc-3381,O2-,O,-2,-0.0,None:-1,1.0,1.26,,,Re4O14,Re2O7,0.12128899652777214,-1.9172572493055577,6.281851259444445,6.0,0.0,Re4O14_mvc-3381.cif
171,mvc-3381,O2-,O,-2,-0.0,None:-1,1.0,1.26,,,Re4O14,Re2O7,0.12128899652777214,-1.9172572493055577,6.281851259444445,6.0,0.0,Re4O14_mvc-3381.cif
172,mvc-3381,O2-,O,-2,-0.0,None:-1,1.0,1.26,,,Re4O14,Re2O7,0.12128899652777214,-1.9172572493055577,6.281851259444445,6.0,0.0,Re4O14_mvc-3381.cif
173,mvc-3381,O2-,O,-2,-0.0,None:-1,1.0,1.26,,,Re4O14,Re2O7,0.12128899652777214,-1.9172572493055577,6.281851259444445,6.0,0.0,Re4O14_mvc-3381.cif
174,mvc-3381,O2-,O,-2,-0.0,None:-1,1.0,1.26,,,Re4O14,Re2O7,0.12128899652777214,-1.9172572493055577,6.281851259444445,6.0,0.0,Re4O14_mvc-3381.cif
175,mvc-3381,O2-,O,-2,0.0,None:-1,1.0,1.26,,,Re4O14,Re2O7,0.12128899652777214,-1.9172572493055577,6.281851259444445,6.0,0.0,Re4O14_mvc-3381.cif
176,mvc-3381,O2-,O,-2,-0.0,None:-1,1.0,1.26,,,Re4O14,Re2O7,0.12128899652777214,-1.9172572493055577,6.281851259444445,6.0,0.0,Re4O14_mvc-3381.cif
177,mvc-3381,O2-,O,-2,0.0,None:-1,1.0,1.26,,,Re4O14,Re2O7,0.12128899652777214,-1.9172572493055577,6.281851259444445,6.0,0.0,Re4O14_mvc-3381.cif
178,mvc-3381,O2-,O,-2,-0.0,None:-1,1.0,1.26,,,Re4O14,Re2O7,0.12128899652777214,-1.9172572493055577,6.281851259444445,6.0,0.0,Re4O14_mvc-3381.cif
179,mvc-3381,O2-,O,-2,-0.0,None:-1,1.0,1.26,,,Re4O14,Re2O7,0.12128899652777214,-1.9172572493055577,6.281851259444445,6.0,0.0,Re4O14_mvc-3381.cif
180,mvc-3381,O2-,O,-2,-0.0,None:-1,1.0,1.26,,,Re4O14,Re2O7,0.12128899652777214,-1.9172572493055577,6.281851259444445,6.0,0.0,Re4O14_mvc-3381.cif
181,mvc-3381,O2-,O,-2,-0.0,None:-1,1.0,1.26,,,Re4O14,Re2O7,0.12128899652777214,-1.9172572493055577,6.281851259444445,6.0,0.0,Re4O14_mvc-3381.cif
182,mvc-3381,O2-,O,-2,-0.0,None:-1,1.0,1.26,,,Re4O14,Re2O7,0.12128899652777214,-1.9172572493055577,6.281851259444445,6.0,0.0,Re4O14_mvc-3381.cif
183,mvc-3381,O2-,O,-2,-0.0,None:-1,1.0,1.26,,,Re4O14,Re2O7,0.12128899652777214,-1.9172572493055577,6.281851259444445,6.0,0.0,Re4O14_mvc-3381.cif
184,mp-12875,Re4+,Re,+4,-0.002,O:6,0.19991447270725857,0.77,0.63,0.77,Re2O4,ReO2,0.12298740555555199,-1.7853302941666662,6.632608445,6.0,0.0,Re2O4_mp-12875.cif
185,mp-12875,Re4+,Re,+4,-0.002,O:6,0.19991447270725896,0.77,0.63,0.77,Re2O4,ReO2,0.12298740555555199,-1.7853302941666662,6.632608445,6.0,0.0,Re2O4_mp-12875.cif
186,mp-12875,O2-,O,-2,-0.0,None:-1,1.0,1.26,,,Re2O4,ReO2,0.12298740555555199,-1.7853302941666662,6.632608445,6.0,0.0,Re2O4_mp-12875.cif
187,mp-12875,O2-,O,-2,-0.0,None:-1,1.0,1.26,,,Re2O4,ReO2,0.12298740555555199,-1.7853302941666662,6.632608445,6.0,0.0,Re2O4_mp-12875.cif
188,mp-12875,O2-,O,-2,-0.0,None:-1,1.0,1.26,,,Re2O4,ReO2,0.12298740555555199,-1.7853302941666662,6.632608445,6.0,0.0,Re2O4_mp-12875.cif
189,mp-12875,O2-,O,-2,-0.0,None:-1,1.0,1.26,,,Re2O4,ReO2,0.12298740555555199,-1.7853302941666662,6.632608445,6.0,0.0,Re2O4_mp-12875.cif
190,mp-1095546,Re4+,Re,+4,-0.0,O:6,0.33890570252195634,0.77,0.63,0.77,Re4O8,ReO2,0.07609698722221836,-1.8322207124999998,6.679498863333333,6.0,0.0,Re4O8_mp-1095546.cif
191,mp-1095546,Re4+,Re,+4,-0.0,O:6,0.33890570252195545,0.77,0.63,0.77,Re4O8,ReO2,0.07609698722221836,-1.8322207124999998,6.679498863333333,6.0,0.0,Re4O8_mp-1095546.cif
192,mp-1095546,Re4+,Re,+4,-0.0,O:6,0.33890570252195673,0.77,0.63,0.77,Re4O8,ReO2,0.07609698722221836,-1.8322207124999998,6.679498863333333,6.0,0.0,Re4O8_mp-1095546.cif
193,mp-1095546,Re4+,Re,+4,-0.0,O:6,0.33890570252195645,0.77,0.63,0.77,Re4O8,ReO2,0.07609698722221836,-1.8322207124999998,6.679498863333333,6.0,0.0,Re4O8_mp-1095546.cif
194,mp-1095546,O2-,O,-2,-0.0,None:-1,1.0,1.26,,,Re4O8,ReO2,0.07609698722221836,-1.8322207124999998,6.679498863333333,6.0,0.0,Re4O8_mp-1095546.cif
195,mp-1095546,O2-,O,-2,-0.0,None:-1,1.0,1.26,,,Re4O8,ReO2,0.07609698722221836,-1.8322207124999998,6.679498863333333,6.0,0.0,Re4O8_mp-1095546.cif
196,mp-1095546,O2-,O,-2,-0.0,None:-1,1.0,1.26,,,Re4O8,ReO2,0.07609698722221836,-1.8322207124999998,6.679498863333333,6.0,0.0,Re4O8_mp-1095546.cif
197,mp-1095546,O2-,O,-2,-0.0,None:-1,1.0,1.26,,,Re4O8,ReO2,0.07609698722221836,-1.8322207124999998,6.679498863333333,6.0,0.0,Re4O8_mp-1095546.cif
198,mp-1095546,O2-,O,-2,0.0,None:-1,1.0,1.26,,,Re4O8,ReO2,0.07609698722221836,-1.8322207124999998,6.679498863333333,6.0,0.0,Re4O8_mp-1095546.cif
199,mp-1095546,O2-,O,-2,0.0,None:-1,1.0,1.26,,,Re4O8,ReO2,0.07609698722221836,-1.8322207124999998,6.679498863333333,6.0,0.0,Re4O8_mp-1095546.cif
200,mp-1095546,O2-,O,-2,0.0,None:-1,1.0,1.26,,,Re4O8,ReO2,0.07609698722221836,-1.8322207124999998,6.679498863333333,6.0,0.0,Re4O8_mp-1095546.cif
201,mp-1095546,O2-,O,-2,0.0,None:-1,1.0,1.26,,,Re4O8,ReO2,0.07609698722221836,-1.8322207124999998,6.679498863333333,6.0,0.0,Re4O8_mp-1095546.cif
202,mvc-7040,Re7+,Re,+7,-0.0,T:4,0.33188021692263936,0.67,0.38,0.52,Re4O14,Re2O7,0.03882420152777222,-1.9997220443055568,6.364316054444444,4.0,0.0,Re4O14_mvc-7040.cif
203,mvc-7040,Re7+,Re,+7,-0.0,T:4,0.33188021692264175,0.67,0.38,0.52,Re4O14,Re2O7,0.03882420152777222,-1.9997220443055568,6.364316054444444,4.0,0.0,Re4O14_mvc-7040.cif
204,mvc-7040,Re7+,Re,+7,-0.0,T:4,0.33188021692264036,0.67,0.38,0.52,Re4O14,Re2O7,0.03882420152777222,-1.9997220443055568,6.364316054444444,4.0,0.0,Re4O14_mvc-7040.cif
205,mvc-7040,Re7+,Re,+7,-0.0,T:4,0.331880216922642,0.67,0.38,0.52,Re4O14,Re2O7,0.03882420152777222,-1.9997220443055568,6.364316054444444,4.0,0.0,Re4O14_mvc-7040.cif
206,mvc-7040,O2-,O,-2,0.0,None:-1,1.0,1.26,,,Re4O14,Re2O7,0.03882420152777222,-1.9997220443055568,6.364316054444444,4.0,0.0,Re4O14_mvc-7040.cif
207,mvc-7040,O2-,O,-2,0.0,None:-1,1.0,1.26,,,Re4O14,Re2O7,0.03882420152777222,-1.9997220443055568,6.364316054444444,4.0,0.0,Re4O14_mvc-7040.cif
208,mvc-7040,O2-,O,-2,0.0,None:-1,1.0,1.26,,,Re4O14,Re2O7,0.03882420152777222,-1.9997220443055568,6.364316054444444,4.0,0.0,Re4O14_mvc-7040.cif
209,mvc-7040,O2-,O,-2,0.0,None:-1,1.0,1.26,,,Re4O14,Re2O7,0.03882420152777222,-1.9997220443055568,6.364316054444444,4.0,0.0,Re4O14_mvc-7040.cif
210,mvc-7040,O2-,O,-2,-0.0,None:-1,1.0,1.26,,,Re4O14,Re2O7,0.03882420152777222,-1.9997220443055568,6.364316054444444,4.0,0.0,Re4O14_mvc-7040.cif
211,mvc-7040,O2-,O,-2,0.0,None:-1,1.0,1.26,,,Re4O14,Re2O7,0.03882420152777222,-1.9997220443055568,6.364316054444444,4.0,0.0,Re4O14_mvc-7040.cif
212,mvc-7040,O2-,O,-2,0.0,None:-1,1.0,1.26,,,Re4O14,Re2O7,0.03882420152777222,-1.9997220443055568,6.364316054444444,4.0,0.0,Re4O14_mvc-7040.cif
213,mvc-7040,O2-,O,-2,0.0,None:-1,1.0,1.26,,,Re4O14,Re2O7,0.03882420152777222,-1.9997220443055568,6.364316054444444,4.0,0.0,Re4O14_mvc-7040.cif
214,mvc-7040,O2-,O,-2,0.0,None:-1,1.0,1.26,,,Re4O14,Re2O7,0.03882420152777222,-1.9997220443055568,6.364316054444444,4.0,0.0,Re4O14_mvc-7040.cif
215,mvc-7040,O2-,O,-2,0.0,None:-1,1.0,1.26,,,Re4O14,Re2O7,0.03882420152777222,-1.9997220443055568,6.364316054444444,4.0,0.0,Re4O14_mvc-7040.cif
216,mvc-7040,O2-,O,-2,-0.0,None:-1,1.0,1.26,,,Re4O14,Re2O7,0.03882420152777222,-1.9997220443055568,6.364316054444444,4.0,0.0,Re4O14_mvc-7040.cif
217,mvc-7040,O2-,O,-2,-0.0,None:-1,1.0,1.26,,,Re4O14,Re2O7,0.03882420152777222,-1.9997220443055568,6.364316054444444,4.0,0.0,Re4O14_mvc-7040.cif
218,mvc-7040,O2-,O,-2,0.0,None:-1,1.0,1.26,,,Re4O14,Re2O7,0.03882420152777222,-1.9997220443055568,6.364316054444444,4.0,0.0,Re4O14_mvc-7040.cif
219,mvc-7040,O2-,O,-2,0.0,None:-1,1.0,1.26,,,Re4O14,Re2O7,0.03882420152777222,-1.9997220443055568,6.364316054444444,4.0,0.0,Re4O14_mvc-7040.cif
220,mp-1237229,Re6+,Re,+6,0.0,O:6,0.0008320540969779918,0.69,0.55,0.69,Re4O12,ReO3,0.005859753750000252,-2.1409976584375006,6.62626270375,6.0,0.0,Re4O12_mp-1237229.cif
221,mp-1237229,Re6+,Re,+6,-0.0,O:6,0.0008320540969780629,0.69,0.55,0.69,Re4O12,ReO3,0.005859753750000252,-2.1409976584375006,6.62626270375,6.0,0.0,Re4O12_mp-1237229.cif
222,mp-1237229,Re6+,Re,+6,-0.0,O:6,0.0008320540969779463,0.69,0.55,0.69,Re4O12,ReO3,0.005859753750000252,-2.1409976584375006,6.62626270375,6.0,0.0,Re4O12_mp-1237229.cif
223,mp-1237229,Re6+,Re,+6,-0.0,O:6,0.0008319795532127303,0.69,0.55,0.69,Re4O12,ReO3,0.005859753750000252,-2.1409976584375006,6.62626270375,6.0,0.0,Re4O12_mp-1237229.cif
224,mp-1237229,O2-,O,-2,-0.0,None:-1,1.0,1.26,,,Re4O12,ReO3,0.005859753750000252,-2.1409976584375006,6.62626270375,6.0,0.0,Re4O12_mp-1237229.cif
225,mp-1237229,O2-,O,-2,-0.0,None:-1,1.0,1.26,,,Re4O12,ReO3,0.005859753750000252,-2.1409976584375006,6.62626270375,6.0,0.0,Re4O12_mp-1237229.cif
226,mp-1237229,O2-,O,-2,0.0,None:-1,1.0,1.26,,,Re4O12,ReO3,0.005859753750000252,-2.1409976584375006,6.62626270375,6.0,0.0,Re4O12_mp-1237229.cif
227,mp-1237229,O2-,O,-2,0.0,None:-1,1.0,1.26,,,Re4O12,ReO3,0.005859753750000252,-2.1409976584375006,6.62626270375,6.0,0.0,Re4O12_mp-1237229.cif
228,mp-1237229,O2-,O,-2,0.0,None:-1,1.0,1.26,,,Re4O12,ReO3,0.005859753750000252,-2.1409976584375006,6.62626270375,6.0,0.0,Re4O12_mp-1237229.cif
229,mp-1237229,O2-,O,-2,0.0,None:-1,1.0,1.26,,,Re4O12,ReO3,0.005859753750000252,-2.1409976584375006,6.62626270375,6.0,0.0,Re4O12_mp-1237229.cif
230,mp-1237229,O2-,O,-2,0.0,None:-1,1.0,1.26,,,Re4O12,ReO3,0.005859753750000252,-2.1409976584375006,6.62626270375,6.0,0.0,Re4O12_mp-1237229.cif
231,mp-1237229,O2-,O,-2,0.0,None:-1,1.0,1.26,,,Re4O12,ReO3,0.005859753750000252,-2.1409976584375006,6.62626270375,6.0,0.0,Re4O12_mp-1237229.cif
232,mp-1237229,O2-,O,-2,0.0,None:-1,1.0,1.26,,,Re4O12,ReO3,0.005859753750000252,-2.1409976584375006,6.62626270375,6.0,0.0,Re4O12_mp-1237229.cif
233,mp-1237229,O2-,O,-2,0.0,None:-1,1.0,1.26,,,Re4O12,ReO3,0.005859753750000252,-2.1409976584375006,6.62626270375,6.0,0.0,Re4O12_mp-1237229.cif
234,mp-1237229,O2-,O,-2,0.0,None:-1,1.0,1.26,,,Re4O12,ReO3,0.005859753750000252,-2.1409976584375006,6.62626270375,6.0,0.0,Re4O12_mp-1237229.cif
235,mp-1237229,O2-,O,-2,0.0,None:-1,1.0,1.26,,,Re4O12,ReO3,0.005859753750000252,-2.1409976584375006,6.62626270375,6.0,0.0,Re4O12_mp-1237229.cif
236,mp-20741,Re6+,Re,+6,-0.013,O:6,4.3817608962645167e-07,0.69,0.55,0.69,Re4O12,ReO3,0.0021104656249999465,-2.144746946562501,6.6300119918750005,6.0,0.0,Re4O12_mp-20741.cif
237,mp-20741,Re6+,Re,+6,-0.013,O:6,4.381760896288869e-07,0.69,0.55,0.69,Re4O12,ReO3,0.0021104656249999465,-2.144746946562501,6.6300119918750005,6.0,0.0,Re4O12_mp-20741.cif
238,mp-20741,Re6+,Re,+6,0.013,O:6,4.3817608962818735e-07,0.69,0.55,0.69,Re4O12,ReO3,0.0021104656249999465,-2.144746946562501,6.6300119918750005,6.0,0.0,Re4O12_mp-20741.cif
239,mp-20741,Re6+,Re,+6,0.013,O:6,4.632817097543691e-07,0.69,0.55,0.69,Re4O12,ReO3,0.0021104656249999465,-2.144746946562501,6.6300119918750005,6.0,0.0,Re4O12_mp-20741.cif
240,mp-20741,O2-,O,-2,-0.0,None:-1,1.0,1.26,,,Re4O12,ReO3,0.0021104656249999465,-2.144746946562501,6.6300119918750005,6.0,0.0,Re4O12_mp-20741.cif
241,mp-20741,O2-,O,-2,0.0,None:-1,1.0,1.26,,,Re4O12,ReO3,0.0021104656249999465,-2.144746946562501,6.6300119918750005,6.0,0.0,Re4O12_mp-20741.cif
242,mp-20741,O2-,O,-2,0.0,None:-1,1.0,1.26,,,Re4O12,ReO3,0.0021104656249999465,-2.144746946562501,6.6300119918750005,6.0,0.0,Re4O12_mp-20741.cif
243,mp-20741,O2-,O,-2,-0.0,None:-1,1.0,1.26,,,Re4O12,ReO3,0.0021104656249999465,-2.144746946562501,6.6300119918750005,6.0,0.0,Re4O12_mp-20741.cif
244,mp-20741,O2-,O,-2,-0.0,None:-1,1.0,1.26,,,Re4O12,ReO3,0.0021104656249999465,-2.144746946562501,6.6300119918750005,6.0,0.0,Re4O12_mp-20741.cif
245,mp-20741,O2-,O,-2,-0.0,None:-1,1.0,1.26,,,Re4O12,ReO3,0.0021104656249999465,-2.144746946562501,6.6300119918750005,6.0,0.0,Re4O12_mp-20741.cif
246,mp-20741,O2-,O,-2,0.001,None:-1,1.0,1.26,,,Re4O12,ReO3,0.0021104656249999465,-2.144746946562501,6.6300119918750005,6.0,0.0,Re4O12_mp-20741.cif
247,mp-20741,O2-,O,-2,-0.0,None:-1,1.0,1.26,,,Re4O12,ReO3,0.0021104656249999465,-2.144746946562501,6.6300119918750005,6.0,0.0,Re4O12_mp-20741.cif
248,mp-20741,O2-,O,-2,0.001,None:-1,1.0,1.26,,,Re4O12,ReO3,0.0021104656249999465,-2.144746946562501,6.6300119918750005,6.0,0.0,Re4O12_mp-20741.cif
249,mp-20741,O2-,O,-2,-0.0,None:-1,1.0,1.26,,,Re4O12,ReO3,0.0021104656249999465,-2.144746946562501,6.6300119918750005,6.0,0.0,Re4O12_mp-20741.cif
250,mp-20741,O2-,O,-2,-0.001,None:-1,1.0,1.26,,,Re4O12,ReO3,0.0021104656249999465,-2.144746946562501,6.6300119918750005,6.0,0.0,Re4O12_mp-20741.cif
251,mp-20741,O2-,O,-2,-0.001,None:-1,1.0,1.26,,,Re4O12,ReO3,0.0021104656249999465,-2.144746946562501,6.6300119918750005,6.0,0.0,Re4O12_mp-20741.cif
